{
  "project_info": {
    "project_number": "211355193049",
    "project_id": "authentication-3202f",
    "storage_bucket": "authentication-3202f.appspot.com"
  },
  "client": [
    {
      "client_info": {
        "mobilesdk_app_id": "1:211355193049:android:e066e03d301f80d9d738c8",
        "android_client_info": {
          "package_name": "com.example.googleauthentication"
        }
      },
      "oauth_client": [
        {
          "client_id": "211355193049-lddgfc3hrfkimdn37ndc64rbk2t0g4ue.apps.googleusercontent.com",
          "client_type": 1,
          "android_info": {
            "package_name": "com.example.googleauthentication",
            "certificate_hash": "cc0f1b21291ee8caa634ab333db097975b305267"
          }
        },
        {
          "client_id": "211355193049-8kqcneg4d5f0ejdu898u9lt21n9urhbb.apps.googleusercontent.com",
          "client_type": 3
        }
      ],
      "api_key": [
        {
          "current_key": "AIzaSyAPw9_Q8kB5WJNjFgEMfWYW22GujRoMMMk"
        }
      ],
      "services": {
        "appinvite_service": {
          "other_platform_oauth_client": [
            {
              "client_id": "211355193049-8kqcneg4d5f0ejdu898u9lt21n9urhbb.apps.googleusercontent.com",
              "client_type": 3
            }
          ]
        }
      }
    }
  ],
  "configuration_version": "1"
}